CREATE DATABASE  IF NOT EXISTS `supplier_performance` /*!40100 DEFAULT CHARACTER SET utf8mb4 COLLATE utf8mb4_0900_ai_ci */ /*!80016 DEFAULT ENCRYPTION='N' */;
USE `supplier_performance`;
-- MySQL dump 10.13  Distrib 8.0.29, for Win64 (x86_64)
--
-- Host: localhost    Database: supplier_performance
-- ------------------------------------------------------
-- Server version	8.0.29

/*!40101 SET @OLD_CHARACTER_SET_CLIENT=@@CHARACTER_SET_CLIENT */;
/*!40101 SET @OLD_CHARACTER_SET_RESULTS=@@CHARACTER_SET_RESULTS */;
/*!40101 SET @OLD_COLLATION_CONNECTION=@@COLLATION_CONNECTION */;
/*!50503 SET NAMES utf8 */;
/*!40103 SET @OLD_TIME_ZONE=@@TIME_ZONE */;
/*!40103 SET TIME_ZONE='+00:00' */;
/*!40014 SET @OLD_UNIQUE_CHECKS=@@UNIQUE_CHECKS, UNIQUE_CHECKS=0 */;
/*!40014 SET @OLD_FOREIGN_KEY_CHECKS=@@FOREIGN_KEY_CHECKS, FOREIGN_KEY_CHECKS=0 */;
/*!40101 SET @OLD_SQL_MODE=@@SQL_MODE, SQL_MODE='NO_AUTO_VALUE_ON_ZERO' */;
/*!40111 SET @OLD_SQL_NOTES=@@SQL_NOTES, SQL_NOTES=0 */;

--
-- Table structure for table `orders`
--

DROP TABLE IF EXISTS `orders`;
/*!40101 SET @saved_cs_client     = @@character_set_client */;
/*!50503 SET character_set_client = utf8mb4 */;
CREATE TABLE `orders` (
  `id` int NOT NULL AUTO_INCREMENT,
  `order_date` date DEFAULT NULL,
  `supplier_id` int DEFAULT NULL,
  `part_no` varchar(45) NOT NULL,
  `quantity_order` int NOT NULL,
  `delivery_date_order` date NOT NULL,
  `quantity_real` int DEFAULT '0',
  `delivery_date_real` date DEFAULT NULL,
  PRIMARY KEY (`id`),
  KEY `FK_order_line_orders_idx` (`supplier_id`),
  CONSTRAINT `FK_order_supplier` FOREIGN KEY (`supplier_id`) REFERENCES `supplier` (`id`)
) ENGINE=InnoDB AUTO_INCREMENT=341 DEFAULT CHARSET=utf8mb4 COLLATE=utf8mb4_0900_ai_ci;
/*!40101 SET character_set_client = @saved_cs_client */;

--
-- Dumping data for table `orders`
--

LOCK TABLES `orders` WRITE;
/*!40000 ALTER TABLE `orders` DISABLE KEYS */;
INSERT INTO `orders` VALUES (1,'2022-02-05',3,'2209373',100,'2022-03-23',100,'2022-03-22'),(2,'2022-04-13',8,'3439TR82',230,'2022-04-15',200,'2022-04-16'),(3,'2022-02-05',3,'FT43-093G',10,'2022-04-01',10,'2022-03-22'),(4,'2022-02-05',3,'65432-09',150,'2022-03-05',150,'2022-03-15'),(5,'2022-03-01',3,'65432-09',100,'2022-04-01',95,'2022-03-28'),(6,'2022-03-20',8,'3439TR82',200,'2022-03-22',200,'2022-03-30'),(7,'2022-04-01',11,'2222',30,'2022-05-01',30,'2022-05-01'),(8,'2022-08-08',2,'73624',20,'2022-09-15',20,'2022-09-16'),(9,'2022-08-09',12,'4555',1200,'2022-09-05',0,NULL),(10,'2022-08-09',1,'GT09474',200,'2022-09-01',0,NULL),(11,'2022-08-09',1,'G092-9373',50,'2022-08-20',0,NULL),(12,'2022-08-09',6,'13556763534',10,'2022-08-25',0,NULL),(13,'2022-08-09',10,'4444',45,'2022-08-08',45,'2022-08-10'),(14,'2022-08-09',4,'39274',5,'2022-09-08',4,'2022-09-08'),(15,'2022-08-09',4,'D987345',125,'2022-09-15',0,NULL),(16,'2022-08-09',4,'D987345',25,'2022-08-15',0,NULL),(17,'2022-08-09',6,'TG09-09373',500,'2022-08-10',0,NULL),(18,'2022-07-01',2,'1413414',2500,'2022-07-20',2500,'2022-07-19'),(19,'2022-06-14',5,'FA-6382711-00',200,'2022-07-01',205,'2022-06-28'),(20,'2022-05-05',6,'90908887',150,'2022-06-01',150,'2022-06-01'),(21,'2022-05-17',7,'B08373',20,'2022-06-15',20,'2022-06-19'),(22,'2022-05-01',7,'98T-N0999',45,'2022-06-20',44,'2022-06-20'),(23,'2022-06-15',8,'B034-T65',50,'2022-07-15',55,'2022-07-13'),(24,'2022-06-27',9,'0973-02847',350,'2022-07-30',350,'2022-08-02'),(25,'2022-06-16',10,'6549-0983',400,'2022-07-20',400,'2022-07-03'),(26,'2022-07-15',1,'5456464456',60,'2022-08-01',60,'2022-07-30'),(27,'2022-07-15',2,'1413414',550,'2022-07-25',550,'2022-07-25'),(28,'2022-07-04',6,'90908887',30,'2022-07-20',29,'2022-07-18'),(29,'2022-03-20',12,'6549-0983',50,'2022-04-15',50,'2022-04-16'),(30,'2022-04-01',12,'6549-0983',70,'2022-04-14',70,'2022-04-08'),(31,'2022-05-01',5,'FA-6382711-00',100,'2022-06-03',100,'2022-06-04'),(32,'2022-06-02',5,'FA-6382711-00',200,'2022-07-06',200,'2022-06-30'),(33,'2022-07-02',5,'FA-6382711-00',100,'2022-08-01',100,'2022-08-01'),(54,'2022-03-01',9,'0973-02847',700,'2022-04-01',700,'2022-04-01'),(55,'2022-04-01',9,'0973-02847',500,'2022-05-01',500,'2022-05-01'),(56,'2022-05-15',9,'TG09-09373',20,'2022-06-01',20,'2022-06-01'),(57,'2022-06-01',9,'TG09-09373',10,'2022-06-28',10,'2022-07-01'),(58,'2022-04-03',11,'2222',100,'2022-05-01',100,'2022-05-01'),(59,'2022-04-03',11,'GR004',20,'2022-05-01',20,'2022-05-01'),(60,'2022-04-03',11,'B034-T65',780,'2022-05-01',780,'2022-05-01'),(61,'2022-05-01',11,'2222',100,'2022-05-01',100,'2022-05-27'),(62,'2022-06-27',11,'2222',100,'2022-07-01',100,'2022-07-15'),(63,'2022-06-01',11,'GR004',20,'2022-07-01',20,'2022-07-01'),(64,'2022-05-01',2,'652345',25,'2022-08-01',25,'2022-08-01'),(65,'2022-04-01',2,'652345',50,'2022-05-01',50,'2022-05-01'),(66,'2022-07-01',2,'652345',25,'2022-08-01',25,'2022-08-01'),(67,'2022-06-01',2,'652345',25,'2022-07-14',25,'2022-08-01'),(68,'2022-06-01',2,'652345',25,'2022-08-01',25,'2022-08-01'),(69,'2022-07-01',2,'652345',50,'2022-08-01',50,'2022-08-01'),(70,'2022-07-01',2,'652345',25,'2022-08-01',25,'2022-08-01'),(87,'2022-07-01',7,'73624',50,'2022-08-01',50,'2022-08-01'),(88,'2022-07-01',7,'73624',50,'2022-08-01',50,'2022-08-01'),(89,'2022-07-01',7,'73624',50,'2022-08-01',50,'2022-08-01'),(90,'2022-07-01',7,'73624',50,'2022-08-01',50,'2022-08-01'),(91,'2022-07-01',7,'73624',50,'2022-08-01',50,'2022-08-01'),(92,'2022-08-01',7,'73624',50,'2022-08-17',50,'2022-08-17'),(93,'2022-08-01',7,'73624',50,'2022-08-17',50,'2022-08-17'),(94,'2022-08-01',7,'73624',100,'2022-08-17',50,'2022-08-17'),(95,'2022-06-01',7,'73624',100,'2022-08-01',50,'2022-08-01'),(96,'2022-05-01',10,'4444',1000,'2022-06-01',1000,'2022-06-01'),(97,'2022-06-01',10,'4444',1000,'2022-07-01',1000,'2022-07-01'),(98,'2022-06-24',10,'4444',1000,'2022-07-01',1000,'2022-07-15'),(99,'2022-07-09',10,'4444',1000,'2022-08-01',1000,'2022-08-01'),(100,'2022-08-01',10,'4444',1000,'2022-08-17',1000,'2022-08-17'),(101,'2022-05-01',1,'G092-9373',45,'2022-06-01',45,'2022-06-01'),(102,'2022-05-01',1,'5456464456',200,'2022-06-01',195,'2022-06-01'),(103,'2022-06-01',1,'5456464456',200,'2022-07-01',200,'2022-07-01'),(104,'2022-06-01',1,'GT09474',100,'2022-07-01',100,'2022-07-01'),(105,'2022-06-01',1,'G092-9373',45,'2022-07-01',45,'2022-07-01'),(106,'2022-07-01',1,'5456464456',400,'2022-08-01',400,'2022-08-01'),(107,'2022-04-01',3,'2209373',100,'2022-05-01',100,'2022-05-01'),(108,'2022-04-01',3,'FT43-093G',100,'2022-05-01',100,'2022-05-01'),(109,'2022-05-01',3,'FT43-093G',100,'2022-06-01',100,'2022-06-01'),(110,'2022-05-01',3,'65432-09',25,'2022-06-01',25,'2022-06-01'),(111,'2022-05-01',3,'2209373',500,'2022-06-01',500,'2022-06-01'),(112,'2022-06-01',3,'FT43-093G',100,'2022-07-01',100,'2022-07-01'),(113,'2022-06-01',3,'65432-09',50,'2022-07-01',50,'2022-07-01'),(114,'2022-07-01',3,'65432-09',25,'2022-08-01',25,'2022-08-01'),(115,'2022-07-01',3,'2209373',500,'2022-08-01',500,'2022-08-01'),(116,'2022-08-01',3,'FT43-093G',200,'2022-09-01',200,'2022-08-13'),(117,'2022-04-01',8,'B034-T65',100,'2022-05-01',100,'2022-05-01'),(118,'2022-05-01',8,'3439TR82',15,'2022-06-01',15,'2022-06-01'),(119,'2022-05-01',8,'B034-T65',100,'2022-06-01',100,'2022-06-01'),(120,'2022-06-01',8,'3439TR82',30,'2022-07-01',30,'2022-07-01'),(121,'2022-06-01',8,'B034-T65',200,'2022-07-01',200,'2022-07-01'),(122,'2022-06-15',8,'B034-T65',50,'2022-07-01',50,'2022-07-01'),(123,'2022-07-01',8,'3439TR82',30,'2022-08-01',30,'2022-08-01'),(124,'2022-07-01',8,'B034-T65',100,'2022-08-01',100,'2022-08-01'),(125,'2022-06-01',12,'6549-0983',70,'2022-07-01',70,'2022-07-01'),(126,'2022-06-01',12,'4555',1000,'2022-07-01',1000,'2022-07-01'),(127,'2022-07-01',12,'6549-0983',50,'2022-08-01',50,'2022-08-01'),(128,'2022-07-01',12,'4555',1500,'2022-08-01',1500,'2022-08-01'),(129,'2022-07-15',12,'39274',30,'2022-08-01',30,'2022-08-01'),(130,'2022-07-01',4,'39274',50,'2022-08-01',50,'2022-08-01'),(131,'2022-06-01',4,'39274',50,'2022-07-01',50,'2022-07-01'),(132,'2022-06-01',4,'D987345',1000,'2022-07-01',1000,'2022-07-01'),(133,'2022-07-01',4,'D987345',100,'2022-08-01',100,'2022-08-01'),(134,'2022-05-01',4,'D987345',500,'2022-06-01',500,'2022-06-01'),(135,'2022-05-01',4,'39274',50,'2022-06-01',50,'2022-06-01'),(136,'2022-08-01',4,'39274',50,'2022-08-10',50,'2022-08-09'),(137,'2022-05-01',4,'39274',100,'2022-06-01',100,'2022-06-01'),(138,'2022-04-01',5,'FA-6382711-00',100,'2022-05-01',100,'2022-05-01'),(139,'2022-04-01',5,'444444',100,'2022-05-01',98,'2022-05-01'),(140,'2022-04-01',5,'98T-N0999',100,'2022-05-01',100,'2022-05-01'),(141,'2022-05-01',5,'FA-6382711-00',100,'2022-06-01',100,'2022-06-01'),(142,'2022-05-01',5,'444444',100,'2022-06-01',100,'2022-06-01'),(143,'2022-05-01',5,'98T-N0999',100,'2022-06-01',100,'2022-06-01'),(144,'2022-05-24',5,'FA-6382711-00',100,'2022-06-01',100,'2022-06-01'),(145,'2022-06-01',5,'FA-6382711-00',100,'2022-07-01',100,'2022-07-01'),(146,'2022-06-01',5,'444444',100,'2022-07-01',100,'2022-07-01'),(147,'2022-06-01',5,'444444',100,'2022-07-01',100,'2022-07-01'),(148,'2022-06-01',5,'98T-N0999',100,'2022-07-01',100,'2022-07-01'),(149,'2022-07-01',5,'FA-6382711-00',100,'2022-08-01',100,'2022-08-01'),(150,'2022-07-01',5,'444444',100,'2022-08-01',100,'2022-08-01'),(151,'2022-07-01',5,'98T-N0999',100,'2022-08-01',100,'2022-08-01'),(152,'2022-08-01',5,'FA-6382711-00',100,'2022-09-01',0,NULL),(153,'2022-05-01',6,'90908887',50,'2022-06-01',50,'2022-06-01'),(154,'2022-05-01',6,'13556763534',50,'2022-06-01',50,'2022-06-01'),(155,'2022-05-01',6,'TG09-09373',50,'2022-06-01',50,'2022-06-01'),(156,'2022-05-01',6,'90908887',50,'2022-06-01',50,'2022-06-01'),(157,'2022-05-01',6,'13556763534',50,'2022-06-01',50,'2022-06-01'),(158,'2022-05-01',6,'TG09-09373',50,'2022-06-01',50,'2022-06-01'),(159,'2022-05-01',6,'90908887',50,'2022-06-01',50,'2022-06-01'),(160,'2022-05-01',6,'13556763534',50,'2022-06-01',50,'2022-06-01'),(161,'2022-06-01',6,'TG09-09373',50,'2022-07-01',50,'2022-07-01'),(162,'2022-06-01',6,'90908887',50,'2022-07-01',50,'2022-07-01'),(163,'2022-06-01',6,'13556763534',50,'2022-07-01',50,'2022-07-01'),(164,'2022-06-01',6,'TG09-09373',50,'2022-07-01',50,'2022-07-01'),(165,'2022-06-01',6,'13556763534',50,'2022-07-01',50,'2022-07-01'),(166,'2022-06-01',6,'TG09-09373',50,'2022-07-01',50,'2022-07-01'),(167,'2022-06-01',6,'90908887',50,'2022-07-01',50,'2022-07-01'),(168,'2022-06-01',6,'TG09-09373',50,'2022-07-01',50,'2022-07-01'),(169,'2022-06-01',6,'13556763534',50,'2022-07-01',50,'2022-07-01'),(170,'2022-07-01',6,'90908887',50,'2022-08-01',50,'2022-08-01'),(171,'2022-01-03',9,'0973-02847',20,'2022-01-15',19,'2022-01-14'),(172,'2022-01-03',9,'TG09-09373',100,'2022-02-01',100,'2022-02-01'),(173,'2022-01-03',9,'TG09-09373',150,'2022-02-01',150,'2022-02-01'),(174,'2022-01-03',9,'TG09-09373',50,'2022-02-01',50,'2022-02-01'),(175,'2022-02-01',9,'0973-02847',50,'2022-03-01',50,'2022-03-01'),(176,'2022-02-01',9,'TG09-09373',45,'2022-03-01',45,'2022-03-01'),(177,'2022-02-01',9,'TG09-09373',90,'2022-03-01',90,'2022-03-01'),(178,'2022-03-17',9,'0973-02847',100,'2022-04-01',100,'2022-04-01'),(179,'2022-03-01',9,'0973-02847',100,'2022-04-01',100,'2022-04-01'),(180,'2022-03-01',9,'TG09-09373',50,'2022-04-01',50,'2022-04-01'),(181,'2021-12-01',9,'0973-02847',50,'2022-01-05',50,'2022-01-05'),(182,'2021-12-01',9,'TG09-09373',70,'2022-01-05',70,'2022-01-05'),(183,'2021-12-20',9,'0973-02847',20,'2022-01-05',20,'2022-01-15'),(184,'2021-12-20',9,'TG09-09373',25,'2022-01-05',25,'2022-01-10'),(185,'2022-02-13',9,'TG09-09373',100,'2022-03-15',97,'2022-03-15'),(186,'2021-12-01',8,'3439TR82',500,'2022-01-05',500,'2022-01-05'),(187,'2021-12-01',8,'B034-T65',20,'2022-01-05',20,'2022-01-05'),(188,'2021-12-22',8,'3439TR82',250,'2022-01-05',250,'2022-01-14'),(189,'2021-12-17',8,'B034-T65',50,'2022-01-05',50,'2022-01-05'),(190,'2022-01-03',8,'3439TR82',1000,'2022-02-01',1000,'2022-02-01'),(191,'2022-01-03',8,'B034-T65',40,'2022-02-01',40,'2022-02-01'),(192,'2022-02-01',8,'3439TR82',500,'2022-03-01',500,'2022-03-01'),(193,'2022-02-01',8,'3439TR82',250,'2022-03-01',250,'2022-03-01'),(194,'2022-03-01',8,'3439TR82',50,'2022-04-01',50,'2022-04-01'),(195,'2022-03-01',8,'B034-T65',200,'2022-04-01',200,'2022-04-01'),(196,'2022-03-01',8,'238563',500,'2022-04-01',486,'2022-04-01'),(197,'2022-05-01',8,'238563',500,'2022-06-01',500,'2022-06-01'),(198,'2022-02-01',8,'238563',500,'2022-03-01',500,'2022-03-01'),(199,'2022-07-01',8,'238563',500,'2022-08-01',500,'2022-08-01'),(200,'2022-01-03',8,'238563',500,'2022-02-01',500,'2022-02-01'),(201,'2021-12-01',1,'GT09474',100,'2022-01-03',100,'2022-01-03'),(202,'2021-12-01',1,'G092-9373',200,'2022-01-03',200,'2022-01-03'),(203,'2021-12-01',1,'5456464456',1000,'2022-01-03',1000,'2022-01-03'),(204,'2021-12-22',1,'GT09474',100,'2022-01-03',100,'2022-01-14'),(205,'2022-01-03',1,'5456464456',600,'2022-02-01',600,'2022-02-01'),(206,'2022-01-03',1,'GR098',10,'2022-02-01',10,'2022-02-01'),(207,'2022-02-14',1,'5456464456',500,'2022-03-01',500,'2022-03-01'),(208,'2022-03-01',1,'GR098',10,'2022-04-01',10,'2022-04-01'),(209,'2022-03-01',1,'5456464456',500,'2022-04-01',500,'2022-04-01'),(210,'2022-03-01',1,'GT09474',100,'2022-04-01',100,'2022-04-01'),(211,'2022-01-03',2,'73624',40,'2022-02-01',40,'2022-02-01'),(212,'2022-01-03',2,'1413414',30,'2022-02-01',30,'2022-02-01'),(213,'2022-01-03',2,'652345',50,'2022-02-01',50,'2022-02-01'),(214,'2022-02-01',2,'1413414',100,'2022-03-01',100,'2022-03-01'),(215,'2022-02-01',2,'652345',80,'2022-03-01',80,'2022-03-01'),(216,'2022-02-26',2,'652345',100,'2022-03-01',100,'2022-03-12'),(217,'2022-03-01',2,'1413414',600,'2022-04-01',600,'2022-04-01'),(218,'2022-03-01',2,'652345',240,'2022-04-01',240,'2022-04-01'),(219,'2022-03-01',2,'73624',70,'2022-04-01',70,'2022-04-01'),(220,'2022-08-01',2,'1413414',100,'2022-09-01',0,NULL),(221,'2022-04-01',2,'1413414',100,'2022-05-01',100,'2022-05-01'),(222,'2022-04-01',2,'652345',300,'2022-05-01',300,'2022-05-01'),(223,'2022-07-01',2,'652345',30,'2022-08-01',30,'2022-07-28'),(224,'2022-06-01',2,'652345',10,'2022-07-01',10,'2022-07-01'),(225,'2021-12-01',11,'2222',50,'2022-01-02',50,'2022-01-02'),(226,'2021-12-01',11,'GR004',30,'2022-01-02',30,'2022-01-02'),(227,'2021-12-01',11,'B034-T65',100,'2022-01-02',100,'2022-01-02'),(228,'2021-12-01',11,'2222',50,'2022-01-02',50,'2022-01-02'),(229,'2022-01-02',11,'B034-T65',100,'2022-02-01',100,'2022-02-01'),(230,'2022-01-02',11,'2222',50,'2022-02-01',50,'2022-02-01'),(231,'2022-01-14',11,'B034-T65',100,'2022-02-01',100,'2022-02-01'),(232,'2022-02-01',11,'GR004',30,'2022-03-01',30,'2022-03-01'),(233,'2022-02-01',11,'2222',50,'2022-03-01',50,'2022-03-01'),(234,'2022-03-01',11,'GR004',30,'2022-04-01',30,'2022-04-01'),(235,'2022-03-01',11,'B034-T65',100,'2022-04-01',100,'2022-04-01'),(236,'2022-03-01',11,'2222',50,'2022-04-01',50,'2022-04-01'),(237,'2022-03-15',11,'B034-T65',100,'2022-04-01',70,'2022-04-01'),(238,'2022-07-01',11,'GR004',30,'2022-08-01',30,'2022-08-01'),(253,'2021-12-02',7,'73624',100,'2022-01-03',100,'2022-01-03'),(254,'2021-12-02',7,'FRO-456',100,'2022-01-03',100,'2022-01-03'),(255,'2021-12-17',7,'73624',100,'2022-01-03',80,'2022-01-03'),(256,'2022-01-03',7,'73624',100,'2022-02-01',100,'2022-02-01'),(257,'2022-01-03',7,'FRO-456',100,'2022-02-01',100,'2022-02-01'),(258,'2022-02-01',7,'73624',100,'2022-03-01',100,'2022-03-01'),(259,'2022-02-01',7,'FRO-456',100,'2022-03-01',100,'2022-03-01'),(260,'2022-02-25',7,'73624',100,'2022-03-01',100,'2022-03-01'),(261,'2022-03-01',7,'FRO-456',100,'2022-04-01',100,'2022-04-01'),(262,'2022-03-01',7,'73624',100,'2022-04-01',100,'2022-04-01'),(263,'2022-04-01',7,'FRO-456',100,'2022-05-01',100,'2022-05-01'),(264,'2022-07-01',7,'73624',100,'2022-08-01',100,'2022-08-01'),(265,'2022-07-01',7,'FRO-456',100,'2022-08-01',100,'2022-08-01'),(266,'2022-08-01',7,'FRO-456',100,'2022-09-01',0,NULL),(267,'2021-12-01',4,'D987345',50,'2022-01-02',50,'2022-01-02'),(268,'2021-12-01',4,'39274',50,'2022-01-02',50,'2022-01-02'),(269,'2022-01-02',4,'D987345',50,'2022-02-01',50,'2022-02-01'),(270,'2022-01-02',4,'39274',50,'2022-02-01',50,'2022-02-01'),(271,'2022-02-01',4,'D987345',50,'2022-03-01',50,'2022-03-01'),(272,'2022-02-01',4,'39274',50,'2022-03-01',50,'2022-03-01'),(273,'2022-02-25',4,'D987345',50,'2022-03-01',50,'2022-03-01'),(274,'2022-03-01',4,'D987345',50,'2022-04-01',50,'2022-04-01'),(275,'2022-03-01',4,'39274',50,'2022-04-01',50,'2022-04-01'),(276,'2022-08-01',4,'39274',50,'2022-09-01',0,NULL),(277,'2022-08-01',4,'D987345',50,'2022-09-01',0,NULL),(298,'2021-12-01',10,'4444',1000,'2022-01-02',1000,'2022-01-02'),(299,'2021-12-01',10,'6549-0983',400,'2022-01-02',400,'2022-01-02'),(300,'2021-12-13',10,'4444',1000,'2022-01-02',1000,'2022-01-02'),(301,'2021-12-26',10,'6549-0983',600,'2022-01-02',600,'2022-01-06'),(302,'2022-01-02',10,'6549-0983',400,'2022-02-01',400,'2022-02-01'),(303,'2022-01-02',10,'4444',2000,'2022-02-01',2000,'2022-02-01'),(304,'2022-01-02',10,'6549-0983',400,'2022-02-01',400,'2022-02-01'),(305,'2022-01-24',10,'4444',1000,'2022-02-01',953,'2022-02-01'),(306,'2022-02-01',10,'6549-0983',400,'2022-03-01',400,'2022-03-01'),(307,'2022-02-01',10,'4444',1000,'2022-03-01',1000,'2022-03-01'),(308,'2022-02-18',10,'4444',2000,'2022-03-01',2000,'2022-03-01'),(309,'2022-03-01',10,'4444',1000,'2022-04-01',1000,'2022-04-01'),(310,'2022-03-01',10,'6549-0983',400,'2022-04-01',400,'2022-04-01'),(311,'2022-03-27',10,'6549-0983',400,'2022-04-01',400,'2022-04-18'),(312,'2022-04-01',10,'6549-0983',400,'2022-05-02',400,'2022-05-02'),(313,'2022-04-01',10,'4444',1000,'2022-05-02',1000,'2022-05-02'),(314,'2022-07-01',10,'6549-0983',400,'2022-08-01',400,'2022-08-01'),(315,'2022-07-01',10,'4444',1000,'2022-08-01',1000,'2022-08-01'),(316,'2022-08-01',10,'6549-0983',500,'2022-09-01',0,NULL),(317,'2022-08-01',10,'4444',1000,'2022-09-01',0,NULL),(318,'2021-12-01',12,'6549-0983',50,'2022-01-02',50,'2022-01-02'),(319,'2021-12-01',12,'39274',30,'2022-01-02',30,'2022-01-02'),(320,'2021-12-01',12,'4555',1000,'2022-01-02',1000,'2022-01-02'),(321,'2022-01-02',12,'4555',1500,'2022-02-01',1500,'2022-02-01'),(322,'2022-01-02',12,'39274',30,'2022-02-01',30,'2022-02-01'),(323,'2022-01-02',12,'6549-0983',50,'2022-02-01',50,'2022-02-01'),(324,'2022-02-01',12,'39274',30,'2022-03-01',30,'2022-03-01'),(325,'2022-02-01',12,'6549-0983',50,'2022-03-01',50,'2022-03-01'),(326,'2022-02-01',12,'4555',1500,'2022-03-01',1500,'2022-03-01'),(327,'2021-12-01',3,'FT43-093G',200,'2022-01-02',200,'2022-01-02'),(328,'2022-01-02',3,'2209373',1000,'2022-02-01',1000,'2022-02-01'),(329,'2022-02-01',3,'65432-09',5000,'2022-03-01',5000,'2022-03-01'),(330,'2022-03-01',3,'FT43-093G',200,'2022-04-01',200,'2022-04-01'),(331,'2022-03-01',3,'65432-09',5000,'2022-04-01',5000,'2022-04-01'),(332,'2022-08-15',5,'GR098',200,'2022-09-05',0,NULL),(335,'2022-08-15',9,'FA-6382711-00',300,'2022-09-01',0,NULL),(339,'2022-08-17',13,'56-032832',500,'2022-09-04',0,NULL);
/*!40000 ALTER TABLE `orders` ENABLE KEYS */;
UNLOCK TABLES;

--
-- Table structure for table `part`
--

DROP TABLE IF EXISTS `part`;
/*!40101 SET @saved_cs_client     = @@character_set_client */;
/*!50503 SET character_set_client = utf8mb4 */;
CREATE TABLE `part` (
  `id` int NOT NULL AUTO_INCREMENT,
  `number` varchar(45) NOT NULL,
  `default_supplier_id` int NOT NULL,
  PRIMARY KEY (`id`)
) ENGINE=InnoDB AUTO_INCREMENT=61 DEFAULT CHARSET=utf8mb4 COLLATE=utf8mb4_0900_ai_ci;
/*!40101 SET character_set_client = @saved_cs_client */;

--
-- Dumping data for table `part`
--

LOCK TABLES `part` WRITE;
/*!40000 ALTER TABLE `part` DISABLE KEYS */;
INSERT INTO `part` VALUES (1,'B034-T65',11),(2,'238563',13),(3,'GR098',1),(4,'FRO-456',7),(5,'987943',13),(6,'F09993-01',7),(7,'GR004',11),(8,'FA-6382711-00',5),(9,'6549-0983',12),(10,'98T-N0999',5),(11,'321432',13),(12,'90908887',6),(13,'73624',7),(14,'1413414',2),(15,'444444',5),(16,'2222',11),(17,'7767392-09',13),(18,'TG09-09373',9),(19,'BG0-09899',2),(20,'D987345',4),(21,'652934',3),(22,'39274',4),(23,'548254354',7),(24,'4444',10),(25,'232345',11),(26,'13556763534',6),(27,'4555',12),(28,'652345',2),(29,'5456464456',1),(30,'B08373',7),(31,'G092-9373',1),(32,'0973-02847',9),(33,'94628-08462',6),(34,'GT09474',1),(35,'TR-0900938',10),(36,'D0-02973',6),(37,'D3-74692',13),(38,'2957392',9),(39,'4563225',8),(40,'98392',7),(41,'CRT-000',4),(42,'BT-08372',1),(43,'395782',2),(44,'354-9284',6),(45,'49452-29923',8),(46,'344-09383',6),(47,'58372-0183',5),(48,'H094-024',4),(49,'T5937-9384',3),(50,'937025',2),(51,'345256',3),(52,'532552',2),(53,'2459230',1),(54,'5532552',6),(55,'556455',7),(56,'5029251',8),(57,'FW090294',6),(58,'W093-03983',6),(59,'56-032832',5),(60,'749204626',4);
/*!40000 ALTER TABLE `part` ENABLE KEYS */;
UNLOCK TABLES;

--
-- Table structure for table `supplier`
--

DROP TABLE IF EXISTS `supplier`;
/*!40101 SET @saved_cs_client     = @@character_set_client */;
/*!50503 SET character_set_client = utf8mb4 */;
CREATE TABLE `supplier` (
  `id` int NOT NULL AUTO_INCREMENT,
  `name` varchar(45) CHARACTER SET utf8mb3 COLLATE utf8_general_ci NOT NULL,
  `VAT_number` varchar(45) NOT NULL,
  `category` varchar(45) DEFAULT NULL,
  `e_mail` varchar(45) DEFAULT NULL,
  PRIMARY KEY (`id`)
) ENGINE=InnoDB AUTO_INCREMENT=15 DEFAULT CHARSET=utf8mb4 COLLATE=utf8mb4_0900_ai_ci;
/*!40101 SET character_set_client = @saved_cs_client */;

--
-- Dumping data for table `supplier`
--

LOCK TABLES `supplier` WRITE;
/*!40000 ALTER TABLE `supplier` DISABLE KEYS */;
INSERT INTO `supplier` VALUES (1,'Akro','LV059585959555','Raw material','info@akro.lv'),(2,'Promot','LV938373749492','Fasteners','a.kalnina@promot.com'),(3,'EJD Solutions','LV983638405453','Fasteners','pardosana@edj.eu'),(4,'Fine Trix','LV837364893092','Fasteners','info@finetrix.lv'),(5,'MetalHouse','LV345587393025','Raw material','info@metalhouse.eu'),(6,'RomoTrade','LV312525554444','Raw material','sales@romotrade.lv'),(7,'Trade Master','LV333352525255','Fasteners','info@trademasters.lv'),(8,'Faster Supply','NL049573729243','Turning/milling','sales@fastersupply.eu'),(9,'Robotics Inc','LV983638472837','Turning/milling','janis.kalnins@robotics.com'),(10,'Metal Blast','BE000000002222','Fasteners','sales@metalblast.be'),(11,'Domo','LV007629840372','Fasteners','info@domo.lv'),(12,'Fast Track Solutions','LV004249664332','Turning/milling','sales@ftsolutions.com'),(13,'BSTD','EE093573383737','Fasteners','a.kanen@bstd.ee'),(14,'Tīraine','LV038327482024','Fasteners','pardosanas_nodala@tiraine.lv');
/*!40000 ALTER TABLE `supplier` ENABLE KEYS */;
UNLOCK TABLES;

--
-- Dumping routines for database 'supplier_performance'
--
/*!40103 SET TIME_ZONE=@OLD_TIME_ZONE */;

/*!40101 SET SQL_MODE=@OLD_SQL_MODE */;
/*!40014 SET FOREIGN_KEY_CHECKS=@OLD_FOREIGN_KEY_CHECKS */;
/*!40014 SET UNIQUE_CHECKS=@OLD_UNIQUE_CHECKS */;
/*!40101 SET CHARACTER_SET_CLIENT=@OLD_CHARACTER_SET_CLIENT */;
/*!40101 SET CHARACTER_SET_RESULTS=@OLD_CHARACTER_SET_RESULTS */;
/*!40101 SET COLLATION_CONNECTION=@OLD_COLLATION_CONNECTION */;
/*!40111 SET SQL_NOTES=@OLD_SQL_NOTES */;

-- Dump completed on 2022-08-17 11:46:49
